{
    "log_reward": {
        "reward": 218.09384728849318,
        "nfev": 2652,
        "mean_error": 0.00014509230518389016,
        "min_error": 2.121677075498562e-06,
        "max_error": 0.0017557605542551527,
        "min_stepsize": 0.02,
        "max_stepsize": 0.07,
        "time_steps": [
            0.039,
            0.039,
            0.029,
            0.02,
            0.02,
            0.029,
            0.029,
            0.039,
            0.045,
            0.045,
            0.06,
            0.052,
            0.06,
            0.07,
            0.06,
            0.06,
            0.052,
            0.045,
            0.039,
            0.022,
            0.025,
            0.025,
            0.029,
            0.033,
            0.039,
            0.039,
            0.052,
            0.06,
            0.06,
            0.07,
            0.07,
            0.07,
            0.07,
            0.06,
            0.052,
            0.045,
            0.033,
            0.039,
            0.025,
            0.033,
            0.033,
            0.033,
            0.039,
            0.039,
            0.052,
            0.06,
            0.06,
            0.06,
            0.06,
            0.06,
            0.045,
            0.045,
            0.039,
            0.029,
            0.029,
            0.029,
            0.029,
            0.029,
            0.029,
            0.039,
            0.039,
            0.045,
            0.052,
            0.06,
            0.06,
            0.07,
            0.06,
            0.06,
            0.052,
            0.045,
            0.045,
            0.039,
            0.029,
            0.029,
            0.029,
            0.029,
            0.029,
            0.029,
            0.039,
            0.045,
            0.045,
            0.06,
            0.052,
            0.06,
            0.07,
            0.07,
            0.06,
            0.052,
            0.045,
            0.045,
            0.039,
            0.022,
            0.025,
            0.025,
            0.029,
            0.033,
            0.039,
            0.039,
            0.052,
            0.06,
            0.06,
            0.052,
            0.06,
            0.06,
            0.06,
            0.052,
            0.045,
            0.045,
            0.039,
            0.029,
            0.029,
            0.029,
            0.029,
            0.029,
            0.029,
            0.039,
            0.045,
            0.045,
            0.06,
            0.052,
            0.06,
            0.07,
            0.07,
            0.06,
            0.052,
            0.045,
            0.039,
            0.033,
            0.033,
            0.025,
            0.033,
            0.033,
            0.039,
            0.039,
            0.052,
            0.06,
            0.06,
            0.06,
            0.07,
            0.06,
            0.06,
            0.06,
            0.052,
            0.052,
            0.045,
            0.039,
            0.039,
            0.025,
            0.029,
            0.029,
            0.029,
            0.033,
            0.039,
            0.045,
            0.045,
            0.052,
            0.052,
            0.052,
            0.07,
            0.06,
            0.052,
            0.045,
            0.039,
            0.033,
            0.033,
            0.025,
            0.039,
            0.033,
            0.039,
            0.039,
            0.052,
            0.06,
            0.06,
            0.07,
            0.07,
            0.06,
            0.052,
            0.045,
            0.039,
            0.039,
            0.025,
            0.033,
            0.033,
            0.033,
            0.039,
            0.039,
            0.052,
            0.06,
            0.06,
            0.07,
            0.07,
            0.07,
            0.06,
            0.06,
            0.052,
            0.045,
            0.039,
            0.022,
            0.033,
            0.025,
            0.033,
            0.033,
            0.039,
            0.039,
            0.052,
            0.06,
            0.06,
            0.06,
            0.06,
            0.06,
            0.045,
            0.045,
            0.045,
            0.039,
            0.029,
            0.029,
            0.029,
            0.022,
            0.022,
            0.029,
            0.039,
            0.045,
            0.045,
            0.06,
            0.06,
            0.052,
            0.07,
            0.052,
            0.06,
            0.06,
            0.06,
            0.045,
            0.045,
            0.045,
            0.039,
            0.029,
            0.029,
            0.029,
            0.025,
            0.025,
            0.039,
            0.039,
            0.045,
            0.052,
            0.052,
            0.052,
            0.052,
            0.06,
            0.06,
            0.052,
            0.045,
            0.039,
            0.022,
            0.033,
            0.033,
            0.033,
            0.033,
            0.039,
            0.039,
            0.052,
            0.06,
            0.06,
            0.07,
            0.07,
            0.06,
            0.052,
            0.045,
            0.039,
            0.033,
            0.033,
            0.025,
            0.039,
            0.033,
            0.039,
            0.039,
            0.052,
            0.06,
            0.06,
            0.07,
            0.07,
            0.07,
            0.06,
            0.052,
            0.045,
            0.039,
            0.039,
            0.025,
            0.029,
            0.033,
            0.033,
            0.039,
            0.039,
            0.052,
            0.06,
            0.06,
            0.052,
            0.06,
            0.06,
            0.06,
            0.052,
            0.045,
            0.045,
            0.039,
            0.029,
            0.029,
            0.029,
            0.025,
            0.029,
            0.029,
            0.039,
            0.045,
            0.045,
            0.06,
            0.052,
            0.06,
            0.07,
            0.07,
            0.06,
            0.052,
            0.045,
            0.039,
            0.039,
            0.025,
            0.033,
            0.033,
            0.033,
            0.039,
            0.039,
            0.052,
            0.06,
            0.06,
            0.06,
            0.06,
            0.06,
            0.06,
            0.06,
            0.045,
            0.045,
            0.045,
            0.039,
            0.029,
            0.029,
            0.029,
            0.029,
            0.029,
            0.039,
            0.045,
            0.045,
            0.06,
            0.052,
            0.06,
            0.052,
            0.06,
            0.06,
            0.052,
            0.045,
            0.039,
            0.022,
            0.033,
            0.025,
            0.039,
            0.033,
            0.039,
            0.039,
            0.052,
            0.06,
            0.06,
            0.07,
            0.07,
            0.07,
            0.06,
            0.052,
            0.045,
            0.039,
            0.039,
            0.022,
            0.025,
            0.025,
            0.029,
            0.033,
            0.039,
            0.039,
            0.052,
            0.06,
            0.06,
            0.052,
            0.06,
            0.06,
            0.06,
            0.045,
            0.045,
            0.045,
            0.039,
            0.029,
            0.029,
            0.029,
            0.029,
            0.029,
            0.039,
            0.045,
            0.045,
            0.06,
            0.052,
            0.06,
            0.07,
            0.07,
            0.06,
            0.06,
            0.052,
            0.045,
            0.039,
